exemplar,missing,mean,std,nonmissing
badminton,0,6.14,1.17,35
ballet,0,6.06,1.03,33
baseball,0,5.26,1.9,35
basketball,0,6.33,1.21,30
billiards,0,6.45,0.69,29
boxing,0,6.1,1.08,31
chess,0,6.0,1.31,35
cycling,0,5.41,1.9,29
fencing,0,5.16,1.92,32
golfing,0,5.79,1.43,33
gymnastics,0,5.97,1.15,32
handball,0,5.44,1.63,32
horseback riding,0,5.81,1.24,27
ice hockey,0,5.43,1.79,30
judo,0,5.28,1.57,32
long jump,1,4.78,1.98,32
rugby,0,5.29,1.4,34
running,0,5.0,1.84,33
sailing,0,5.89,1.59,28
shot-put,0,5.18,1.47,33
skiing,0,6.31,1.09,32
soccer,0,6.38,0.99,34
sport fishing,2,3.65,1.84,31
squash,0,5.56,1.44,32
surfing,0,6.28,1.13,29
swimming,0,6.13,1.15,31
table tennis,0,5.97,1.12,29
tennis,0,6.45,0.87,33
volleyball,0,6.4,0.89,30
walking,0,5.61,1.52,31
